R,xF,F_mol_s,xD,Qreb_kW
0.8,0.2,27.77777777777778,0.506215,891.026
0.8,0.239474,27.77777777777778,0.559365,898.859
0.8,0.278947,27.77777777777778,0.604117,906.811
0.8,0.318421,27.77777777777778,0.642199,914.868
0.8,0.357895,27.77777777777778,0.674904,923.024
0.8,0.397368,27.77777777777778,0.703218,931.27
0.8,0.436842,27.77777777777778,0.727903,939.6
0.8,0.476316,27.77777777777778,0.749561,948.011
0.8,0.515789,27.77777777777778,0.768672,956.487
0.8,0.555263,27.77777777777778,0.785623,965.026
0.8,0.594737,27.77777777777778,0.80073,973.623
0.8,0.634211,27.77777777777778,0.814252,982.275
0.8,0.673684,27.77777777777778,0.826406,990.975
0.8,0.713158,27.77777777777778,0.837371,999.721
0.8,0.752632,27.77777777777778,0.847298,1008.51
0.8,0.792105,27.77777777777778,0.856314,1017.34
0.8,0.831579,27.77777777777778,0.864529,1026.2
0.8,0.871053,27.77777777777778,0.872036,1035.09
0.8,0.910526,27.77777777777778,0.878914,1044.01
0.8,0.95,27.77777777777778,0.885231,1052.96
1.02105,0.2,27.77777777777778,0.532672,935.765
1.02105,0.239474,27.77777777777778,0.587294,942.97
1.02105,0.278947,27.77777777777778,0.632961,950.291
1.02105,0.318421,27.77777777777778,0.671555,957.719
1.02105,0.357895,27.77777777777778,0.704475,965.247
1.02105,0.397368,27.77777777777778,0.732783,972.869
1.02105,0.436842,27.77777777777778,0.7573,980.576
1.02105,0.476316,27.77777777777778,0.778668,988.362
1.02105,0.515789,27.77777777777778,0.797398,996.221
1.02105,0.555263,27.77777777777778,0.813902,1004.15
1.02105,0.594737,27.77777777777778,0.828514,1012.13
1.02105,0.634211,27.77777777777778,0.841508,1020.17
1.02105,0.673684,27.77777777777778,0.85311,1028.27
1.02105,0.713158,27.77777777777778,0.863508,1036.41
1.02105,0.752632,27.77777777777778,0.87286,1044.59
1.02105,0.792105,27.77777777777778,0.881298,1052.81
1.02105,0.831579,27.77777777777778,0.888936,1061.07
1.02105,0.871053,27.77777777777778,0.895869,1069.36
1.02105,0.910526,27.77777777777778,0.902179,1077.67
1.02105,0.95,27.77777777777778,0.907937,1086.02
1.24211,0.2,27.77777777777778,0.559078,975.201
1.24211,0.239474,27.77777777777778,0.61516,981.846
1.24211,0.278947,27.77777777777778,0.661732,988.609
1.24211,0.318421,27.77777777777778,0.700827,995.481
1.24211,0.357895,27.77777777777778,0.733952,1002.46
1.24211,0.397368,27.77777777777778,0.762245,1009.53
1.24211,0.436842,27.77777777777778,0.786581,1016.68
1.24211,0.476316,27.77777777777778,0.807643,1023.92
1.24211,0.515789,27.77777777777778,0.825975,1031.24
1.24211,0.555263,27.77777777777778,0.84201,1038.62
1.24211,0.594737,27.77777777777778,0.856101,1046.07
1.24211,0.634211,27.77777777777778,0.868535,1053.57
1.24211,0.673684,27.77777777777778,0.879549,1061.13
1.24211,0.713158,27.77777777777778,0.889339,1068.73
1.24211,0.752632,27.77777777777778,0.89807,1076.38
1.24211,0.792105,27.77777777777778,0.905879,1084.07
1.24211,0.831579,27.77777777777778,0.912884,1091.79
1.24211,0.871053,27.77777777777778,0.919184,1099.55
1.24211,0.910526,27.77777777777778,0.924864,1107.34
1.24211,0.95,27.77777777777778,0.929998,1115.16
1.46316,0.2,27.77777777777778,0.585428,1010.22
1.46316,0.239474,27.77777777777778,0.642956,1016.36
1.46316,0.278947,27.77777777777778,0.690418,1022.63
1.46316,0.318421,27.77777777777778,0.729999,1029.01
1.46316,0.357895,27.77777777777778,0.763309,1035.49
1.46316,0.397368,27.77777777777778,0.791562,1042.07
1.46316,0.436842,27.77777777777778,0.815684,1048.74
1.46316,0.476316,27.77777777777778,0.8364,1055.5
1.46316,0.515789,27.77777777777778,0.854281,1062.33
1.46316,0.555263,27.77777777777778,0.869784,1069.23
1.46316,0.594737,27.77777777777778,0.883276,1076.2
1.46316,0.634211,27.77777777777778,0.895059,1083.22
1.46316,0.673684,27.77777777777778,0.90538,1090.3
1.46316,0.713158,27.77777777777778,0.914445,1097.43
1.46316,0.752632,27.77777777777778,0.922425,1104.61
1.46316,0.792105,27.77777777777778,0.929466,1111.82
1.46316,0.831579,27.77777777777778,0.935692,1119.08
1.46316,0.871053,27.77777777777778,0.941207,1126.37
1.46316,0.910526,27.77777777777778,0.946101,1133.69
1.46316,0.95,27.77777777777778,0.950454,1141.04
1.68421,0.2,27.77777777777778,0.611718,1041.52
1.68421,0.239474,27.77777777777778,0.670671,1047.22
1.68421,0.278947,27.77777777777778,0.719002,1053.04
1.68421,0.318421,27.77777777777778,0.75904,1058.97
1.68421,0.357895,27.77777777777778,0.792497,1065.01
1.68421,0.397368,27.77777777777778,0.820655,1071.16
1.68421,0.436842,27.77777777777778,0.844491,1077.39
1.68421,0.476316,27.77777777777778,0.864765,1083.71
1.68421,0.515789,27.77777777777778,0.882073,1090.11
1.68421,0.555263,27.77777777777778,0.896889,1096.59
1.68421,0.594737,27.77777777777778,0.909599,1103.13
1.68421,0.634211,27.77777777777778,0.920517,1109.73
1.68421,0.673684,27.77777777777778,0.929904,1116.38
1.68421,0.713158,27.77777777777778,0.937979,1123.09
1.68421,0.752632,27.77777777777778,0.944928,1129.84
1.68421,0.792105,27.77777777777778,0.950913,1136.64
1.68421,0.831579,27.77777777777778,0.956071,1143.47
1.68421,0.871053,27.77777777777778,0.960523,1150.34
1.68421,0.910526,27.77777777777778,0.964371,1157.24
1.68421,0.95,27.77777777777778,0.967705,1164.18
1.90526,0.2,27.77777777777778,0.637939,1069.66
1.90526,0.239474,27.77777777777778,0.698293,1074.95
1.90526,0.278947,27.77777777777778,0.747456,1080.37
1.90526,0.318421,27.77777777777778,0.787901,1085.91
1.90526,0.357895,27.77777777777778,0.82143,1091.55
1.90526,0.397368,27.77777777777778,0.849387,1097.3
1.90526,0.436842,27.77777777777778,0.872788,1103.15
1.90526,0.476316,27.77777777777778,0.892416,1109.08
1.90526,0.515789,27.77777777777778,0.908886,1115.09
1.90526,0.555263,27.77777777777778,0.92269,1121.18
1.90526,0.594737,27.77777777777778,0.934231,1127.34
1.90526,0.634211,27.77777777777778,0.943849,1133.56
1.90526,0.673684,27.77777777777778,0.951839,1139.84
1.90526,0.713158,27.77777777777778,0.958458,1146.16
1.90526,0.752632,27.77777777777778,0.963935,1152.54
1.90526,0.792105,27.77777777777778,0.968468,1158.96
1.90526,0.831579,27.77777777777778,0.972228,1165.42
1.90526,0.871053,27.77777777777778,0.975359,1171.91
1.90526,0.910526,27.77777777777778,0.977981,1178.44
1.90526,0.95,27.77777777777778,0.980188,1185.0
2.12632,0.2,27.77777777777778,0.664081,1095.09
2.12632,0.239474,27.77777777777778,0.725799,1100.02
2.12632,0.278947,27.77777777777778,0.775741,1105.07
2.12632,0.318421,27.77777777777778,0.816505,1110.25
2.12632,0.357895,27.77777777777778,0.849971,1115.54
2.12632,0.397368,27.77777777777778,0.87752,1120.93
2.12632,0.436842,27.77777777777778,0.900186,1126.42
2.12632,0.476316,27.77777777777778,0.918757,1132.0
2.12632,0.515789,27.77777777777778,0.93386,1137.67
2.12632,0.555263,27.77777777777778,0.946021,1143.41
2.12632,0.594737,27.77777777777778,0.955706,1149.22
2.12632,0.634211,27.77777777777778,0.963349,1155.1
2.12632,0.673684,27.77777777777778,0.969348,1161.04
2.12632,0.713158,27.77777777777778,0.974054,1167.02
2.12632,0.752632,27.77777777777778,0.977762,1173.06
2.12632,0.792105,27.77777777777778,0.980707,1179.14
2.12632,0.831579,27.77777777777778,0.983072,1185.26
2.12632,0.871053,27.77777777777778,0.984994,1191.42
2.12632,0.910526,27.77777777777778,0.986573,1197.61
2.12632,0.95,27.77777777777778,0.987888,1203.83
2.34737,0.2,27.77777777777778,0.690134,1118.19
2.34737,0.239474,27.77777777777778,0.753164,1122.78
2.34737,0.278947,27.77777777777778,0.803797,1127.51
2.34737,0.318421,27.77777777777778,0.844732,1132.36
2.34737,0.357895,27.77777777777778,0.877885,1137.32
2.34737,0.397368,27.77777777777778,0.90463,1142.39
2.34737,0.436842,27.77777777777778,0.925973,1147.56
2.34737,0.476316,27.77777777777778,0.942698,1152.83
2.34737,0.515789,27.77777777777778,0.955504,1158.18
2.34737,0.555263,27.77777777777778,0.96509,1163.61
2.34737,0.594737,27.77777777777778,0.972158,1169.12
2.34737,0.634211,27.77777777777778,0.977353,1174.68
2.34737,0.673684,27.77777777777778,0.981202,1180.31
2.34737,0.713158,27.77777777777778,0.984098,1185.99
2.34737,0.752632,27.77777777777778,0.986319,1191.72
2.34737,0.792105,27.77777777777778,0.988057,1197.5
2.34737,0.831579,27.77777777777778,0.989442,1203.31
2.34737,0.871053,27.77777777777778,0.990566,1209.16
2.34737,0.910526,27.77777777777778,0.991492,1215.05
2.34737,0.95,27.77777777777778,0.992266,1220.96
2.56842,0.2,27.77777777777778,0.716079,1139.26
2.56842,0.239474,27.77777777777778,0.780347,1143.55
2.56842,0.278947,27.77777777777778,0.831531,1147.97
2.56842,0.318421,27.77777777777778,0.872377,1152.52
2.56842,0.357895,27.77777777777778,0.904755,1157.19
2.56842,0.397368,27.77777777777778,0.929939,1161.97
2.56842,0.436842,27.77777777777778,0.948878,1166.85
2.56842,0.476316,27.77777777777778,0.962514,1171.83
2.56842,0.515789,27.77777777777778,0.971963,1176.9
2.56842,0.555263,27.77777777777778,0.978401,1182.06
2.56842,0.594737,27.77777777777778,0.982824,1187.28
2.56842,0.634211,27.77777777777778,0.985938,1192.57
2.56842,0.673684,27.77777777777778,0.988198,1197.92
2.56842,0.713158,27.77777777777778,0.98989,1203.32
2.56842,0.752632,27.77777777777778,0.991192,1208.77
2.56842,0.792105,27.77777777777778,0.992219,1214.26
2.56842,0.831579,27.77777777777778,0.993047,1219.79
2.56842,0.871053,27.77777777777778,0.993726,1225.36
2.56842,0.910526,27.77777777777778,0.994293,1230.96
2.56842,0.95,27.77777777777778,0.994772,1236.6
2.78947,0.2,27.77777777777778,0.741898,1158.56
2.78947,0.239474,27.77777777777778,0.807293,1162.57
2.78947,0.278947,27.77777777777778,0.858801,1166.71
2.78947,0.318421,27.77777777777778,0.899094,1170.99
2.78947,0.357895,27.77777777777778,0.929827,1175.39
2.78947,0.397368,27.77777777777778,0.952086,1179.9
2.78947,0.436842,27.77777777777778,0.967083,1184.53
2.78947,0.476316,27.77777777777778,0.976603,1189.26
2.78947,0.515789,27.77777777777778,0.982567,1194.07
2.78947,0.555263,27.77777777777778,0.986408,1198.97
2.78947,0.594737,27.77777777777778,0.988997,1203.94
2.78947,0.634211,27.77777777777778,0.990823,1208.97
2.78947,0.673684,27.77777777777778,0.992166,1214.06
2.78947,0.713158,27.77777777777778,0.993187,1219.2
2.78947,0.752632,27.77777777777778,0.993987,1224.39
2.78947,0.792105,27.77777777777778,0.994628,1229.63
2.78947,0.831579,27.77777777777778,0.995153,1234.9
2.78947,0.871053,27.77777777777778,0.995589,1240.21
2.78947,0.910526,27.77777777777778,0.995957,1245.56
2.78947,0.95,27.77777777777778,0.996272,1250.93
3.01053,0.2,27.77777777777778,0.767563,1176.3
3.01053,0.239474,27.77777777777778,0.833919,1180.05
3.01053,0.278947,27.77777777777778,0.885364,1183.94
3.01053,0.318421,27.77777777777778,0.924251,1187.96
3.01053,0.357895,27.77777777777778,0.95178,1192.12
3.01053,0.397368,27.77777777777778,0.969269,1196.4
3.01053,0.436842,27.77777777777778,0.979399,1200.8
3.01053,0.476316,27.77777777777778,0.985202,1205.29
3.01053,0.515789,27.77777777777778,0.988704,1209.87
3.01053,0.555263,27.77777777777778,0.990968,1214.53
3.01053,0.594737,27.77777777777778,0.992522,1219.26
3.01053,0.634211,27.77777777777778,0.993646,1224.05
3.01053,0.673684,27.77777777777778,0.99449,1228.91
3.01053,0.713158,27.77777777777778,0.995147,1233.81
3.01053,0.752632,27.77777777777778,0.99567,1238.76
3.01053,0.792105,27.77777777777778,0.996096,1243.76
3.01053,0.831579,27.77777777777778,0.996449,1248.8
3.01053,0.871053,27.77777777777778,0.996747,1253.87
3.01053,0.910526,27.77777777777778,0.997001,1258.98
3.01053,0.95,27.77777777777778,0.99722,1264.11
3.23158,0.2,27.77777777777778,0.793036,1192.66
3.23158,0.239474,27.77777777777778,0.860094,1196.16
3.23158,0.278947,27.77777777777778,0.910798,1199.82
3.23158,0.318421,27.77777777777778,0.946729,1203.63
3.23158,0.357895,27.77777777777778,0.96886,1207.57
3.23158,0.397368,27.77777777777778,0.980613,1211.64
3.23158,0.436842,27.77777777777778,0.986708,1215.82
3.23158,0.476316,27.77777777777778,0.990125,1220.1
3.23158,0.515789,27.77777777777778,0.992231,1224.46
3.23158,0.555263,27.77777777777778,0.993634,1228.9
3.23158,0.594737,27.77777777777778,0.994627,1233.41
3.23158,0.634211,27.77777777777778,0.995363,1237.98
3.23158,0.673684,27.77777777777778,0.99593,1242.61
3.23158,0.713158,27.77777777777778,0.996378,1247.3
3.23158,0.752632,27.77777777777778,0.99674,1252.03
3.23158,0.792105,27.77777777777778,0.99704,1256.81
3.23158,0.831579,27.77777777777778,0.997292,1261.62
3.23158,0.871053,27.77777777777778,0.997505,1266.48
3.23158,0.910526,27.77777777777778,0.99769,1271.36
3.23158,0.95,27.77777777777778,0.99785,1276.28
3.45263,0.2,27.77777777777778,0.818264,1207.79
3.45263,0.239474,27.77777777777778,0.885603,1211.08
3.45263,0.278947,27.77777777777778,0.934338,1214.52
3.45263,0.318421,27.77777777777778,0.964882,1218.13
3.45263,0.357895,27.77777777777778,0.980199,1221.88
3.45263,0.397368,27.77777777777778,0.987289,1225.76
3.45263,0.436842,27.77777777777778,0.99091,1229.74
3.45263,0.476316,27.77777777777778,0.993009,1233.81
3.45263,0.515789,27.77777777777778,0.994354,1237.97
3.45263,0.555263,27.77777777777778,0.995282,1242.2
3.45263,0.594737,27.77777777777778,0.995957,1246.5
3.45263,0.634211,27.77777777777778,0.996469,1250.87
3.45263,0.673684,27.77777777777778,0.99687,1255.3
3.45263,0.713158,27.77777777777778,0.997192,1259.78
3.45263,0.752632,27.77777777777778,0.997456,1264.31
3.45263,0.792105,27.77777777777778,0.997677,1268.88
3.45263,0.831579,27.77777777777778,0.997864,1273.5
3.45263,0.871053,27.77777777777778,0.998024,1278.15
3.45263,0.910526,27.77777777777778,0.998163,1282.83
3.45263,0.95,27.77777777777778,0.998285,1287.54
3.67368,0.2,27.77777777777778,0.843167,1221.83
3.67368,0.239474,27.77777777777778,0.910072,1224.91
3.67368,0.278947,27.77777777777778,0.954701,1228.17
3.67368,0.318421,27.77777777777778,0.977494,1231.61
3.67368,0.357895,27.77777777777778,0.986917,1235.18
3.67368,0.397368,27.77777777777778,0.991159,1238.87
3.67368,0.436842,27.77777777777778,0.99342,1242.66
3.67368,0.476316,27.77777777777778,0.994794,1246.54
3.67368,0.515789,27.77777777777778,0.995709,1250.5
3.67368,0.555263,27.77777777777778,0.996358,1254.56
3.67368,0.594737,27.77777777777778,0.996842,1258.67
3.67368,0.634211,27.77777777777778,0.997216,1262.85
3.67368,0.673684,27.77777777777778,0.997513,1267.09
3.67368,0.713158,27.77777777777778,0.997755,1271.38
3.67368,0.752632,27.77777777777778,0.997956,1275.72
3.67368,0.792105,27.77777777777778,0.998125,1280.1
3.67368,0.831579,27.77777777777778,0.998269,1284.53
3.67368,0.871053,27.77777777777778,0.998393,1288.99
3.67368,0.910526,27.77777777777778,0.998502,1293.49
3.67368,0.95,27.77777777777778,0.998597,1298.01
3.89474,0.2,27.77777777777778,0.86762,1234.9
3.89474,0.239474,27.77777777777778,0.932837,1237.8
3.89474,0.278947,27.77777777777778,0.970324,1240.9
3.89474,0.318421,27.77777777777778,0.985179,1244.18
3.89474,0.357895,27.77777777777778,0.990836,1247.58
3.89474,0.397368,27.77777777777778,0.993505,1251.09
3.89474,0.436842,27.77777777777778,0.995009,1254.7
3.89474,0.476316,27.77777777777778,0.995963,1258.4
3.89474,0.515789,27.77777777777778,0.996619,1262.19
3.89474,0.555263,27.77777777777778,0.997096,1266.06
3.89474,0.594737,27.77777777777778,0.997458,1269.99
3.89474,0.634211,27.77777777777778,0.997743,1274.0
3.89474,0.673684,27.77777777777778,0.997971,1278.06
3.89474,0.713158,27.77777777777778,0.998159,1282.17
3.89474,0.752632,27.77777777777778,0.998317,1286.34
3.89474,0.792105,27.77777777777778,0.99845,1290.55
3.89474,0.831579,27.77777777777778,0.998565,1294.8
3.89474,0.871053,27.77777777777778,0.998664,1299.08
3.89474,0.910526,27.77777777777778,0.998751,1303.4
3.89474,0.95,27.77777777777778,0.998828,1307.75
4.11579,0.2,27.77777777777778,0.891419,1247.08
4.11579,0.239474,27.77777777777778,0.952778,1249.82
4.11579,0.278947,27.77777777777778,0.980645,1252.78
4.11579,0.318421,27.77777777777778,0.989681,1255.91
4.11579,0.357895,27.77777777777778,0.993224,1259.15
4.11579,0.397368,27.77777777777778,0.99501,1262.49
4.11579,0.436842,27.77777777777778,0.99607,1265.93
4.11579,0.476316,27.77777777777778,0.996766,1269.47
4.11579,0.515789,27.77777777777778,0.997257,1273.09
4.11579,0.555263,27.77777777777778,0.997622,1276.79
4.11579,0.594737,27.77777777777778,0.997903,1280.56
4.11579,0.634211,27.77777777777778,0.998127,1284.4
4.11579,0.673684,27.77777777777778,0.998308,1288.3
4.11579,0.713158,27.77777777777778,0.998459,1292.25
4.11579,0.752632,27.77777777777778,0.998585,1296.25
4.11579,0.792105,27.77777777777778,0.998694,1300.29
4.11579,0.831579,27.77777777777778,0.998787,1304.37
4.11579,0.871053,27.77777777777778,0.998868,1308.5
4.11579,0.910526,27.77777777777778,0.99894,1312.65
4.11579,0.95,27.77777777777778,0.999004,1316.84
4.33684,0.2,27.77777777777778,0.914212,1258.48
4.33684,0.239474,27.77777777777778,0.968456,1261.08
4.33684,0.278947,27.77777777777778,0.986838,1263.92
4.33684,0.318421,27.77777777777778,0.992407,1266.89
4.33684,0.357895,27.77777777777778,0.994764,1269.97
4.33684,0.397368,27.77777777777778,0.996029,1273.16
4.33684,0.436842,27.77777777777778,0.996811,1276.44
4.33684,0.476316,27.77777777777778,0.997341,1279.82
4.33684,0.515789,27.77777777777778,0.997722,1283.29
4.33684,0.555263,27.77777777777778,0.99801,1286.83
4.33684,0.594737,27.77777777777778,0.998235,1290.45
4.33684,0.634211,27.77777777777778,0.998415,1294.13
4.33684,0.673684,27.77777777777778,0.998563,1297.87
4.33684,0.713158,27.77777777777778,0.998686,1301.67
4.33684,0.752632,27.77777777777778,0.998791,1305.52
4.33684,0.792105,27.77777777777778,0.99888,1309.4
4.33684,0.831579,27.77777777777778,0.998958,1313.34
4.33684,0.871053,27.77777777777778,0.999026,1317.3
4.33684,0.910526,27.77777777777778,0.999086,1321.31
4.33684,0.95,27.77777777777778,0.99914,1325.34
4.55789,0.2,27.77777777777778,0.93539,1269.15
4.55789,0.239474,27.77777777777778,0.979145,1271.65
4.55789,0.278947,27.77777777777778,0.990533,1274.36
4.55789,0.318421,27.77777777777778,0.994152,1277.18
4.55789,0.357895,27.77777777777778,0.995812,1280.12
4.55789,0.397368,27.77777777777778,0.99675,1283.15
4.55789,0.436842,27.77777777777778,0.99735,1286.29
4.55789,0.476316,27.77777777777778,0.997766,1289.52
4.55789,0.515789,27.77777777777778,0.998071,1292.84
4.55789,0.555263,27.77777777777778,0.998304,1296.24
4.55789,0.594737,27.77777777777778,0.998488,1299.71
4.55789,0.634211,27.77777777777778,0.998637,1303.25
4.55789,0.673684,27.77777777777778,0.99876,1306.85
4.55789,0.713158,27.77777777777778,0.998863,1310.5
4.55789,0.752632,27.77777777777778,0.998951,1314.2
4.55789,0.792105,27.77777777777778,0.999027,1317.95
4.55789,0.831579,27.77777777777778,0.999092,1321.74
4.55789,0.871053,27.77777777777778,0.99915,1325.56
4.55789,0.910526,27.77777777777778,0.999201,1329.42
4.55789,0.95,27.77777777777778,0.999247,1333.31
4.77895,0.2,27.77777777777778,0.953947,1279.19
4.77895,0.239474,27.77777777777778,0.985714,1281.59
4.77895,0.278947,27.77777777777778,0.992838,1284.17
4.77895,0.318421,27.77777777777778,0.995331,1286.86
4.77895,0.357895,27.77777777777778,0.996557,1289.65
4.77895,0.397368,27.77777777777778,0.997279,1292.55
4.77895,0.436842,27.77777777777778,0.997754,1295.55
4.77895,0.476316,27.77777777777778,0.99809,1298.64
4.77895,0.515789,27.77777777777778,0.99834,1301.82
4.77895,0.555263,27.77777777777778,0.998533,1305.08
4.77895,0.594737,27.77777777777778,0.998686,1308.42
4.77895,0.634211,27.77777777777778,0.998812,1311.82
4.77895,0.673684,27.77777777777778,0.998916,1315.28
4.77895,0.713158,27.77777777777778,0.999003,1318.8
4.77895,0.752632,27.77777777777778,0.999078,1322.36
4.77895,0.792105,27.77777777777778,0.999143,1325.97
4.77895,0.831579,27.77777777777778,0.9992,1329.63
4.77895,0.871053,27.77777777777778,0.99925,1333.31
4.77895,0.910526,27.77777777777778,0.999294,1337.04
4.77895,0.95,27.77777777777778,0.999334,1340.79
5.0,0.2,27.77777777777778,0.968628,1288.65
5.0,0.239474,27.77777777777778,0.989679,1290.96
5.0,0.278947,27.77777777777778,0.994358,1293.41
5.0,0.318421,27.77777777777778,0.996165,1295.96
5.0,0.357895,27.77777777777778,0.997105,1298.62
5.0,0.397368,27.77777777777778,0.997679,1301.39
5.0,0.436842,27.77777777777778,0.998065,1304.25
5.0,0.476316,27.77777777777778,0.998342,1307.22
5.0,0.515789,27.77777777777778,0.998551,1310.27
5.0,0.555263,27.77777777777778,0.998714,1313.41
5.0,0.594737,27.77777777777778,0.998844,1316.61
5.0,0.634211,27.77777777777778,0.998951,1319.89
5.0,0.673684,27.77777777777778,0.999041,1323.22
5.0,0.713158,27.77777777777778,0.999116,1326.61
5.0,0.752632,27.77777777777778,0.999181,1330.04
5.0,0.792105,27.77777777777778,0.999238,1333.53
5.0,0.831579,27.77777777777778,0.999287,1337.05
5.0,0.871053,27.77777777777778,0.999331,1340.61
5.0,0.910526,27.77777777777778,0.99937,1344.21
5.0,0.95,27.77777777777778,0.999404,1347.84
0.8,0.2,36.11111111111112,0.506215,1158.32
0.8,0.239474,36.11111111111112,0.559365,1168.5
0.8,0.278947,36.11111111111112,0.604117,1178.84
0.8,0.318421,36.11111111111112,0.642199,1189.32
0.8,0.357895,36.11111111111112,0.674904,1199.92
0.8,0.397368,36.11111111111112,0.703218,1210.64
0.8,0.436842,36.11111111111112,0.727903,1221.47
0.8,0.476316,36.11111111111112,0.749561,1232.4
0.8,0.515789,36.11111111111112,0.768672,1243.42
0.8,0.555263,36.11111111111112,0.785623,1254.52
0.8,0.594737,36.11111111111112,0.80073,1265.7
0.8,0.634211,36.11111111111112,0.814252,1276.94
0.8,0.673684,36.11111111111112,0.826406,1288.25
0.8,0.713158,36.11111111111112,0.837371,1299.62
0.8,0.752632,36.11111111111112,0.847298,1311.05
0.8,0.792105,36.11111111111112,0.856314,1322.53
0.8,0.831579,36.11111111111112,0.864529,1334.05
0.8,0.871053,36.11111111111112,0.872036,1345.61
0.8,0.910526,36.11111111111112,0.878914,1357.2
0.8,0.95,36.11111111111112,0.885231,1368.83
1.02105,0.2,36.11111111111112,0.532672,1216.48
1.02105,0.239474,36.11111111111112,0.587294,1225.85
1.02105,0.278947,36.11111111111112,0.632961,1235.36
1.02105,0.318421,36.11111111111112,0.671555,1245.02
1.02105,0.357895,36.11111111111112,0.704475,1254.81
1.02105,0.397368,36.11111111111112,0.732783,1264.72
1.02105,0.436842,36.11111111111112,0.7573,1274.73
1.02105,0.476316,36.11111111111112,0.778668,1284.86
1.02105,0.515789,36.11111111111112,0.797398,1295.07
1.02105,0.555263,36.11111111111112,0.813902,1305.38
1.02105,0.594737,36.11111111111112,0.828514,1315.76
1.02105,0.634211,36.11111111111112,0.841508,1326.21
1.02105,0.673684,36.11111111111112,0.85311,1336.73
1.02105,0.713158,36.11111111111112,0.863508,1347.31
1.02105,0.752632,36.11111111111112,0.87286,1357.95
1.02105,0.792105,36.11111111111112,0.881298,1368.64
1.02105,0.831579,36.11111111111112,0.888936,1379.37
1.02105,0.871053,36.11111111111112,0.895869,1390.15
1.02105,0.910526,36.11111111111112,0.902179,1400.96
1.02105,0.95,36.11111111111112,0.907937,1411.81
1.24211,0.2,36.11111111111112,0.559078,1267.75
1.24211,0.239474,36.11111111111112,0.61516,1276.39
1.24211,0.278947,36.11111111111112,0.661732,1285.18
1.24211,0.318421,36.11111111111112,0.700827,1294.11
1.24211,0.357895,36.11111111111112,0.733952,1303.18
1.24211,0.397368,36.11111111111112,0.762245,1312.37
1.24211,0.436842,36.11111111111112,0.786581,1321.68
1.24211,0.476316,36.11111111111112,0.807643,1331.09
1.24211,0.515789,36.11111111111112,0.825975,1340.6
1.24211,0.555263,36.11111111111112,0.84201,1350.19
1.24211,0.594737,36.11111111111112,0.856101,1359.87
1.24211,0.634211,36.11111111111112,0.868535,1369.63
1.24211,0.673684,36.11111111111112,0.879549,1379.45
1.24211,0.713158,36.11111111111112,0.889339,1389.34
1.24211,0.752632,36.11111111111112,0.89807,1399.28
1.24211,0.792105,36.11111111111112,0.905879,1409.27
1.24211,0.831579,36.11111111111112,0.912884,1419.32
1.24211,0.871053,36.11111111111112,0.919184,1429.4
1.24211,0.910526,36.11111111111112,0.924864,1439.53
1.24211,0.95,36.11111111111112,0.929998,1449.69
1.46316,0.2,36.11111111111112,0.585428,1313.27
1.46316,0.239474,36.11111111111112,0.642956,1321.26
1.46316,0.278947,36.11111111111112,0.690418,1329.4
1.46316,0.318421,36.11111111111112,0.729999,1337.69
1.46316,0.357895,36.11111111111112,0.763309,1346.12
1.46316,0.397368,36.11111111111112,0.791562,1354.68
1.46316,0.436842,36.11111111111112,0.815684,1363.35
1.46316,0.476316,36.11111111111112,0.8364,1372.13
1.46316,0.515789,36.11111111111112,0.854281,1381.01
1.46316,0.555263,36.11111111111112,0.869784,1389.98
1.46316,0.594737,36.11111111111112,0.883276,1399.04
1.46316,0.634211,36.11111111111112,0.895059,1408.17
1.46316,0.673684,36.11111111111112,0.90538,1417.38
1.46316,0.713158,36.11111111111112,0.914445,1426.65
1.46316,0.752632,36.11111111111112,0.922425,1435.97
1.46316,0.792105,36.11111111111112,0.929466,1445.35
1.46316,0.831579,36.11111111111112,0.935692,1454.79
1.46316,0.871053,36.11111111111112,0.941207,1464.26
1.46316,0.910526,36.11111111111112,0.946101,1473.78
1.46316,0.95,36.11111111111112,0.950454,1483.33
1.68421,0.2,36.11111111111112,0.611718,1353.96
1.68421,0.239474,36.11111111111112,0.670671,1361.36
1.68421,0.278947,36.11111111111112,0.719002,1368.93
1.68421,0.318421,36.11111111111112,0.75904,1376.65
1.68421,0.357895,36.11111111111112,0.792497,1384.5
1.68421,0.397368,36.11111111111112,0.820655,1392.49
1.68421,0.436842,36.11111111111112,0.844491,1400.59
1.68421,0.476316,36.11111111111112,0.864765,1408.81
1.68421,0.515789,36.11111111111112,0.882073,1417.13
1.68421,0.555263,36.11111111111112,0.896889,1425.55
1.68421,0.594737,36.11111111111112,0.909599,1434.05
1.68421,0.634211,36.11111111111112,0.920517,1442.63
1.68421,0.673684,36.11111111111112,0.929904,1451.28
1.68421,0.713158,36.11111111111112,0.937979,1460.0
1.68421,0.752632,36.11111111111112,0.944928,1468.78
1.68421,0.792105,36.11111111111112,0.950913,1477.61
1.68421,0.831579,36.11111111111112,0.956071,1486.5
1.68421,0.871053,36.11111111111112,0.960523,1495.43
1.68421,0.910526,36.11111111111112,0.964371,1504.4
1.68421,0.95,36.11111111111112,0.967705,1513.41
1.90526,0.2,36.11111111111112,0.637939,1390.54
1.90526,0.239474,36.11111111111112,0.698293,1397.42
1.90526,0.278947,36.11111111111112,0.747456,1404.47
1.90526,0.318421,36.11111111111112,0.787901,1411.67
1.90526,0.357895,36.11111111111112,0.82143,1419.01
1.90526,0.397368,36.11111111111112,0.849387,1426.48
1.90526,0.436842,36.11111111111112,0.872788,1434.08
1.90526,0.476316,36.11111111111112,0.892416,1441.79
1.90526,0.515789,36.11111111111112,0.908886,1449.6
1.90526,0.555263,36.11111111111112,0.92269,1457.52
1.90526,0.594737,36.11111111111112,0.934231,1465.53
1.90526,0.634211,36.11111111111112,0.943849,1473.61
1.90526,0.673684,36.11111111111112,0.951839,1481.77
1.90526,0.713158,36.11111111111112,0.958458,1490.0
1.90526,0.752632,36.11111111111112,0.963935,1498.29
1.90526,0.792105,36.11111111111112,0.968468,1506.63
1.90526,0.831579,36.11111111111112,0.972228,1515.03
1.90526,0.871053,36.11111111111112,0.975359,1523.47
1.90526,0.910526,36.11111111111112,0.977981,1531.96
1.90526,0.95,36.11111111111112,0.980188,1540.48
2.12632,0.2,36.11111111111112,0.664081,1423.6
2.12632,0.239474,36.11111111111112,0.725799,1430.01
2.12632,0.278947,36.11111111111112,0.775741,1436.58
2.12632,0.318421,36.11111111111112,0.816505,1443.31
2.12632,0.357895,36.11111111111112,0.849971,1450.18
2.12632,0.397368,36.11111111111112,0.87752,1457.19
2.12632,0.436842,36.11111111111112,0.900186,1464.33
2.12632,0.476316,36.11111111111112,0.918757,1471.59
2.12632,0.515789,36.11111111111112,0.93386,1478.95
2.12632,0.555263,36.11111111111112,0.946021,1486.42
2.12632,0.594737,36.11111111111112,0.955706,1493.97
2.12632,0.634211,36.11111111111112,0.963349,1501.61
2.12632,0.673684,36.11111111111112,0.969348,1509.33
2.12632,0.713158,36.11111111111112,0.974054,1517.11
2.12632,0.752632,36.11111111111112,0.977762,1524.96
2.12632,0.792105,36.11111111111112,0.980707,1532.87
2.12632,0.831579,36.11111111111112,0.983072,1540.83
2.12632,0.871053,36.11111111111112,0.984994,1548.83
2.12632,0.910526,36.11111111111112,0.986573,1556.88
2.12632,0.95,36.11111111111112,0.987888,1564.96
2.34737,0.2,36.11111111111112,0.690134,1453.63
2.34737,0.239474,36.11111111111112,0.753164,1459.6
2.34737,0.278947,36.11111111111112,0.803797,1465.75
2.34737,0.318421,36.11111111111112,0.844732,1472.05
2.34737,0.357895,36.11111111111112,0.877885,1478.5
2.34737,0.397368,36.11111111111112,0.90463,1485.09
2.34737,0.436842,36.11111111111112,0.925973,1491.81
2.34737,0.476316,36.11111111111112,0.942698,1498.66
2.34737,0.515789,36.11111111111112,0.955504,1505.62
2.34737,0.555263,36.11111111111112,0.96509,1512.68
2.34737,0.594737,36.11111111111112,0.972158,1519.83
2.34737,0.634211,36.11111111111112,0.977353,1527.07
2.34737,0.673684,36.11111111111112,0.981202,1534.39
2.34737,0.713158,36.11111111111112,0.984098,1541.78
2.34737,0.752632,36.11111111111112,0.986319,1549.23
2.34737,0.792105,36.11111111111112,0.988057,1556.73
2.34737,0.831579,36.11111111111112,0.989442,1564.29
2.34737,0.871053,36.11111111111112,0.990566,1571.89
2.34737,0.910526,36.11111111111112,0.991492,1579.54
2.34737,0.95,36.11111111111112,0.992266,1587.23
2.56842,0.2,36.11111111111112,0.716079,1481.03
2.56842,0.239474,36.11111111111112,0.780347,1486.6
2.56842,0.278947,36.11111111111112,0.831531,1492.35
2.56842,0.318421,36.11111111111112,0.872377,1498.26
2.56842,0.357895,36.11111111111112,0.904755,1504.33
2.56842,0.397368,36.11111111111112,0.929939,1510.54
2.56842,0.436842,36.11111111111112,0.948878,1516.89
2.56842,0.476316,36.11111111111112,0.962514,1523.37
2.56842,0.515789,36.11111111111112,0.971963,1529.96
2.56842,0.555263,36.11111111111112,0.978401,1536.66
2.56842,0.594737,36.11111111111112,0.982824,1543.45
2.56842,0.634211,36.11111111111112,0.985938,1550.32
2.56842,0.673684,36.11111111111112,0.988198,1557.28
2.56842,0.713158,36.11111111111112,0.98989,1564.3
2.56842,0.752632,36.11111111111112,0.991192,1571.38
2.56842,0.792105,36.11111111111112,0.992219,1578.52
2.56842,0.831579,36.11111111111112,0.993047,1585.72
2.56842,0.871053,36.11111111111112,0.993726,1592.95
2.56842,0.910526,36.11111111111112,0.994293,1600.24
2.56842,0.95,36.11111111111112,0.994772,1607.56
2.78947,0.2,36.11111111111112,0.741898,1506.11
2.78947,0.239474,36.11111111111112,0.807293,1511.32
2.78947,0.278947,36.11111111111112,0.858801,1516.71
2.78947,0.318421,36.11111111111112,0.899094,1522.27
2.78947,0.357895,36.11111111111112,0.929827,1527.98
2.78947,0.397368,36.11111111111112,0.952086,1533.86
2.78947,0.436842,36.11111111111112,0.967083,1539.87
2.78947,0.476316,36.11111111111112,0.976603,1546.02
2.78947,0.515789,36.11111111111112,0.982567,1552.28
2.78947,0.555263,36.11111111111112,0.986408,1558.64
2.78947,0.594737,36.11111111111112,0.988997,1565.1
2.78947,0.634211,36.11111111111112,0.990823,1571.64
2.78947,0.673684,36.11111111111112,0.992166,1578.26
2.78947,0.713158,36.11111111111112,0.993187,1584.94
2.78947,0.752632,36.11111111111112,0.993987,1591.69
2.78947,0.792105,36.11111111111112,0.994628,1598.5
2.78947,0.831579,36.11111111111112,0.995153,1605.35
2.78947,0.871053,36.11111111111112,0.995589,1612.26
2.78947,0.910526,36.11111111111112,0.995957,1619.2
2.78947,0.95,36.11111111111112,0.996272,1626.19
3.01053,0.2,36.11111111111112,0.767563,1529.17
3.01053,0.239474,36.11111111111112,0.833919,1534.04
3.01053,0.278947,36.11111111111112,0.885364,1539.1
3.01053,0.318421,36.11111111111112,0.924251,1544.33
3.01053,0.357895,36.11111111111112,0.95178,1549.74
3.01053,0.397368,36.11111111111112,0.969269,1555.31
3.01053,0.436842,36.11111111111112,0.979399,1561.02
3.01053,0.476316,36.11111111111112,0.985202,1566.86
3.01053,0.515789,36.11111111111112,0.988704,1572.82
3.01053,0.555263,36.11111111111112,0.990968,1578.87
3.01053,0.594737,36.11111111111112,0.992522,1585.02
3.01053,0.634211,36.11111111111112,0.993646,1591.25
3.01053,0.673684,36.11111111111112,0.99449,1597.56
3.01053,0.713158,36.11111111111112,0.995147,1603.94
3.01053,0.752632,36.11111111111112,0.99567,1610.38
3.01053,0.792105,36.11111111111112,0.996096,1616.88
3.01053,0.831579,36.11111111111112,0.996449,1623.42
3.01053,0.871053,36.11111111111112,0.996747,1630.01
3.01053,0.910526,36.11111111111112,0.997001,1636.65
3.01053,0.95,36.11111111111112,0.99722,1643.33
3.23158,0.2,36.11111111111112,0.793036,1550.44
3.23158,0.239474,36.11111111111112,0.860094,1555.0
3.23158,0.278947,36.11111111111112,0.910798,1559.75
3.23158,0.318421,36.11111111111112,0.946729,1564.7
3.23158,0.357895,36.11111111111112,0.96886,1569.82
3.23158,0.397368,36.11111111111112,0.980613,1575.12
3.23158,0.436842,36.11111111111112,0.986708,1580.55
3.23158,0.476316,36.11111111111112,0.990125,1586.11
3.23158,0.515789,36.11111111111112,0.992231,1591.78
3.23158,0.555263,36.11111111111112,0.993634,1597.55
3.23158,0.594737,36.11111111111112,0.994627,1603.41
3.23158,0.634211,36.11111111111112,0.995363,1609.36
3.23158,0.673684,36.11111111111112,0.99593,1615.38
3.23158,0.713158,36.11111111111112,0.996378,1621.47
3.23158,0.752632,36.11111111111112,0.99674,1627.62
3.23158,0.792105,36.11111111111112,0.99704,1633.83
3.23158,0.831579,36.11111111111112,0.997292,1640.09
3.23158,0.871053,36.11111111111112,0.997505,1646.4
3.23158,0.910526,36.11111111111112,0.99769,1652.75
3.23158,0.95,36.11111111111112,0.99785,1659.15
3.45263,0.2,36.11111111111112,0.818264,1570.11
3.45263,0.239474,36.11111111111112,0.885603,1574.38
3.45263,0.278947,36.11111111111112,0.934338,1578.86
3.45263,0.318421,36.11111111111112,0.964882,1583.55
3.45263,0.357895,36.11111111111112,0.980199,1588.43
3.45263,0.397368,36.11111111111112,0.987289,1593.47
3.45263,0.436842,36.11111111111112,0.99091,1598.64
3.45263,0.476316,36.11111111111112,0.993009,1603.93
3.45263,0.515789,36.11111111111112,0.994354,1609.34
3.45263,0.555263,36.11111111111112,0.995282,1614.84
3.45263,0.594737,36.11111111111112,0.995957,1620.44
3.45263,0.634211,36.11111111111112,0.996469,1626.11
3.45263,0.673684,36.11111111111112,0.99687,1631.87
3.45263,0.713158,36.11111111111112,0.997192,1637.7
3.45263,0.752632,36.11111111111112,0.997456,1643.58
3.45263,0.792105,36.11111111111112,0.997677,1649.53
3.45263,0.831579,36.11111111111112,0.997864,1655.53
3.45263,0.871053,36.11111111111112,0.998024,1661.57
3.45263,0.910526,36.11111111111112,0.998163,1667.66
3.45263,0.95,36.11111111111112,0.998285,1673.79
3.67368,0.2,36.11111111111112,0.843167,1588.36
3.67368,0.239474,36.11111111111112,0.910072,1592.37
3.67368,0.278947,36.11111111111112,0.954701,1596.61
3.67368,0.318421,36.11111111111112,0.977494,1601.07
3.67368,0.357895,36.11111111111112,0.986917,1605.72
3.67368,0.397368,36.11111111111112,0.991159,1610.51
3.67368,0.436842,36.11111111111112,0.99342,1615.44
3.67368,0.476316,36.11111111111112,0.994794,1620.48
3.67368,0.515789,36.11111111111112,0.995709,1625.64
3.67368,0.555263,36.11111111111112,0.996358,1630.91
3.67368,0.594737,36.11111111111112,0.996842,1636.25
3.67368,0.634211,36.11111111111112,0.997216,1641.69
3.67368,0.673684,36.11111111111112,0.997513,1647.2
3.67368,0.713158,36.11111111111112,0.997755,1652.78
3.67368,0.752632,36.11111111111112,0.997956,1658.42
3.67368,0.792105,36.11111111111112,0.998125,1664.12
3.67368,0.831579,36.11111111111112,0.998269,1669.87
3.67368,0.871053,36.11111111111112,0.998393,1675.67
3.67368,0.910526,36.11111111111112,0.998502,1681.51
3.67368,0.95,36.11111111111112,0.998597,1687.4
3.89474,0.2,36.11111111111112,0.86762,1605.35
3.89474,0.239474,36.11111111111112,0.932837,1609.12
3.89474,0.278947,36.11111111111112,0.970324,1613.15
3.89474,0.318421,36.11111111111112,0.985179,1617.41
3.89474,0.357895,36.11111111111112,0.990836,1621.84
3.89474,0.397368,36.11111111111112,0.993505,1626.4
3.89474,0.436842,36.11111111111112,0.995009,1631.09
3.89474,0.476316,36.11111111111112,0.995963,1635.91
3.89474,0.515789,36.11111111111112,0.996619,1640.83
3.89474,0.555263,36.11111111111112,0.997096,1645.86
3.89474,0.594737,36.11111111111112,0.997458,1650.97
3.89474,0.634211,36.11111111111112,0.997743,1656.18
3.89474,0.673684,36.11111111111112,0.997971,1661.46
3.89474,0.713158,36.11111111111112,0.998159,1666.81
3.89474,0.752632,36.11111111111112,0.998317,1672.22
3.89474,0.792105,36.11111111111112,0.99845,1677.69
3.89474,0.831579,36.11111111111112,0.998565,1683.22
3.89474,0.871053,36.11111111111112,0.998664,1688.79
3.89474,0.910526,36.11111111111112,0.998751,1694.4
3.89474,0.95,36.11111111111112,0.998828,1700.06
4.11579,0.2,36.11111111111112,0.891419,1621.19
4.11579,0.239474,36.11111111111112,0.952778,1624.75
4.11579,0.278947,36.11111111111112,0.980645,1628.6
4.11579,0.318421,36.11111111111112,0.989681,1632.66
4.11579,0.357895,36.11111111111112,0.993224,1636.87
4.11579,0.397368,36.11111111111112,0.99501,1641.22
4.11579,0.436842,36.11111111111112,0.99607,1645.7
4.11579,0.476316,36.11111111111112,0.996766,1650.29
4.11579,0.515789,36.11111111111112,0.997257,1655.0
4.11579,0.555263,36.11111111111112,0.997622,1659.81
4.11579,0.594737,36.11111111111112,0.997903,1664.71
4.11579,0.634211,36.11111111111112,0.998127,1669.7
4.11579,0.673684,36.11111111111112,0.998308,1674.77
4.11579,0.713158,36.11111111111112,0.998459,1679.9
4.11579,0.752632,36.11111111111112,0.998585,1685.1
4.11579,0.792105,36.11111111111112,0.998694,1690.36
4.11579,0.831579,36.11111111111112,0.998787,1695.67
4.11579,0.871053,36.11111111111112,0.998868,1701.03
4.11579,0.910526,36.11111111111112,0.99894,1706.43
4.11579,0.95,36.11111111111112,0.999004,1711.87
4.33684,0.2,36.11111111111112,0.914212,1636.0
4.33684,0.239474,36.11111111111112,0.968456,1639.38
4.33684,0.278947,36.11111111111112,0.986838,1643.07
4.33684,0.318421,36.11111111111112,0.992407,1646.94
4.33684,0.357895,36.11111111111112,0.994764,1650.94
4.33684,0.397368,36.11111111111112,0.996029,1655.08
4.33684,0.436842,36.11111111111112,0.996811,1659.36
4.33684,0.476316,36.11111111111112,0.997341,1663.75
4.33684,0.515789,36.11111111111112,0.997722,1668.25
4.33684,0.555263,36.11111111111112,0.99801,1672.86
4.33684,0.594737,36.11111111111112,0.998235,1677.56
4.33684,0.634211,36.11111111111112,0.998415,1682.35
4.33684,0.673684,36.11111111111112,0.998563,1687.22
4.33684,0.713158,36.11111111111112,0.998686,1692.15
4.33684,0.752632,36.11111111111112,0.998791,1697.15
4.33684,0.792105,36.11111111111112,0.99888,1702.21
4.33684,0.831579,36.11111111111112,0.998958,1707.32
4.33684,0.871053,36.11111111111112,0.999026,1712.48
4.33684,0.910526,36.11111111111112,0.999086,1717.68
4.33684,0.95,36.11111111111112,0.99914,1722.92
4.55789,0.2,36.11111111111112,0.93539,1649.88
4.55789,0.239474,36.11111111111112,0.979145,1653.12
4.55789,0.278947,36.11111111111112,0.990533,1656.65
4.55789,0.318421,36.11111111111112,0.994152,1660.32
4.55789,0.357895,36.11111111111112,0.995812,1664.13
4.55789,0.397368,36.11111111111112,0.99675,1668.08
4.55789,0.436842,36.11111111111112,0.99735,1672.16
4.55789,0.476316,36.11111111111112,0.997766,1676.36
4.55789,0.515789,36.11111111111112,0.998071,1680.68
4.55789,0.555263,36.11111111111112,0.998304,1685.1
4.55789,0.594737,36.11111111111112,0.998488,1689.61
4.55789,0.634211,36.11111111111112,0.998637,1694.21
4.55789,0.673684,36.11111111111112,0.99876,1698.89
4.55789,0.713158,36.11111111111112,0.998863,1703.64
4.55789,0.752632,36.11111111111112,0.998951,1708.44
4.55789,0.792105,36.11111111111112,0.999027,1713.31
4.55789,0.831579,36.11111111111112,0.999092,1718.24
4.55789,0.871053,36.11111111111112,0.99915,1723.21
4.55789,0.910526,36.11111111111112,0.999201,1728.22
4.55789,0.95,36.11111111111112,0.999247,1733.28
4.77895,0.2,36.11111111111112,0.953947,1662.93
4.77895,0.239474,36.11111111111112,0.985714,1666.05
4.77895,0.278947,36.11111111111112,0.992838,1669.4
4.77895,0.318421,36.11111111111112,0.995331,1672.89
4.77895,0.357895,36.11111111111112,0.996557,1676.52
4.77895,0.397368,36.11111111111112,0.997279,1680.29
4.77895,0.436842,36.11111111111112,0.997754,1684.19
4.77895,0.476316,36.11111111111112,0.99809,1688.21
4.77895,0.515789,36.11111111111112,0.99834,1692.35
4.77895,0.555263,36.11111111111112,0.998533,1696.59
4.77895,0.594737,36.11111111111112,0.998686,1700.93
4.77895,0.634211,36.11111111111112,0.998812,1705.35
4.77895,0.673684,36.11111111111112,0.998916,1709.85
4.77895,0.713158,36.11111111111112,0.999003,1714.42
4.77895,0.752632,36.11111111111112,0.999078,1719.05
4.77895,0.792105,36.11111111111112,0.999143,1723.75
4.77895,0.831579,36.11111111111112,0.9992,1728.49
4.77895,0.871053,36.11111111111112,0.99925,1733.29
4.77895,0.910526,36.11111111111112,0.999294,1738.13
4.77895,0.95,36.11111111111112,0.999334,1743.01
5.0,0.2,36.11111111111112,0.968628,1675.22
5.0,0.239474,36.11111111111112,0.989679,1678.23
5.0,0.278947,36.11111111111112,0.994358,1681.41
5.0,0.318421,36.11111111111112,0.996165,1684.73
5.0,0.357895,36.11111111111112,0.997105,1688.19
5.0,0.397368,36.11111111111112,0.997679,1691.78
5.0,0.436842,36.11111111111112,0.998065,1695.51
5.0,0.476316,36.11111111111112,0.998342,1699.36
5.0,0.515789,36.11111111111112,0.998551,1703.33
5.0,0.555263,36.11111111111112,0.998714,1707.41
5.0,0.594737,36.11111111111112,0.998844,1711.58
5.0,0.634211,36.11111111111112,0.998951,1715.83
5.0,0.673684,36.11111111111112,0.999041,1720.17
5.0,0.713158,36.11111111111112,0.999116,1724.57
5.0,0.752632,36.11111111111112,0.999181,1729.04
5.0,0.792105,36.11111111111112,0.999238,1733.57
5.0,0.831579,36.11111111111112,0.999287,1738.15
5.0,0.871053,36.11111111111112,0.999331,1742.78
5.0,0.910526,36.11111111111112,0.99937,1747.45
5.0,0.95,36.11111111111112,0.999404,1752.17
0.8,0.2,19.444444444444443,0.506215,623.699
0.8,0.239474,19.444444444444443,0.559365,629.182
0.8,0.278947,19.444444444444443,0.604117,634.748
0.8,0.318421,19.444444444444443,0.642199,640.388
0.8,0.357895,19.444444444444443,0.674904,646.097
0.8,0.397368,19.444444444444443,0.703218,651.869
0.8,0.436842,19.444444444444443,0.727903,657.7
0.8,0.476316,19.444444444444443,0.749561,663.587
0.8,0.515789,19.444444444444443,0.768672,669.52
0.8,0.555263,19.444444444444443,0.785623,675.497
0.8,0.594737,19.444444444444443,0.80073,681.515
0.8,0.634211,19.444444444444443,0.814252,687.571
0.8,0.673684,19.444444444444443,0.826406,693.661
0.8,0.713158,19.444444444444443,0.837371,699.783
0.8,0.752632,19.444444444444443,0.847298,705.938
0.8,0.792105,19.444444444444443,0.856314,712.116
0.8,0.831579,19.444444444444443,0.864529,718.318
0.8,0.871053,19.444444444444443,0.872036,724.543
0.8,0.910526,19.444444444444443,0.878914,730.786
0.8,0.95,19.444444444444443,0.885231,737.047
1.02105,0.2,19.444444444444443,0.532672,655.015
1.02105,0.239474,19.444444444444443,0.587294,660.059
1.02105,0.278947,19.444444444444443,0.632961,665.183
1.02105,0.318421,19.444444444444443,0.671555,670.383
1.02105,0.357895,19.444444444444443,0.704475,675.652
1.02105,0.397368,19.444444444444443,0.732783,680.987
1.02105,0.436842,19.444444444444443,0.7573,686.382
1.02105,0.476316,19.444444444444443,0.778668,691.832
1.02105,0.515789,19.444444444444443,0.797398,697.333
1.02105,0.555263,19.444444444444443,0.813902,702.881
1.02105,0.594737,19.444444444444443,0.828514,708.471
1.02105,0.634211,19.444444444444443,0.841508,714.1
1.02105,0.673684,19.444444444444443,0.85311,719.765
1.02105,0.713158,19.444444444444443,0.863508,725.463
1.02105,0.752632,19.444444444444443,0.87286,731.189
1.02105,0.792105,19.444444444444443,0.881298,736.944
1.02105,0.831579,19.444444444444443,0.888936,742.723
1.02105,0.871053,19.444444444444443,0.895869,748.526
1.02105,0.910526,19.444444444444443,0.902179,754.349
1.02105,0.95,19.444444444444443,0.907937,760.191
1.24211,0.2,19.444444444444443,0.559078,682.619
1.24211,0.239474,19.444444444444443,0.61516,687.271
1.24211,0.278947,19.444444444444443,0.661732,692.005
1.24211,0.318421,19.444444444444443,0.700827,696.815
1.24211,0.357895,19.444444444444443,0.733952,701.697
1.24211,0.397368,19.444444444444443,0.762245,706.646
1.24211,0.436842,19.444444444444443,0.786581,711.657
1.24211,0.476316,19.444444444444443,0.807643,716.725
1.24211,0.515789,19.444444444444443,0.825975,721.845
1.24211,0.555263,19.444444444444443,0.84201,727.013
1.24211,0.594737,19.444444444444443,0.856101,732.225
1.24211,0.634211,19.444444444444443,0.868535,737.477
1.24211,0.673684,19.444444444444443,0.879549,742.766
1.24211,0.713158,19.444444444444443,0.889339,748.089
1.24211,0.752632,19.444444444444443,0.89807,753.442
1.24211,0.792105,19.444444444444443,0.905879,758.824
1.24211,0.831579,19.444444444444443,0.912884,764.232
1.24211,0.871053,19.444444444444443,0.919184,769.663
1.24211,0.910526,19.444444444444443,0.924864,775.115
1.24211,0.95,19.444444444444443,0.929998,780.588
1.46316,0.2,19.444444444444443,0.585428,707.13
1.46316,0.239474,19.444444444444443,0.642956,711.433
1.46316,0.278947,19.444444444444443,0.690418,715.819
1.46316,0.318421,19.444444444444443,0.729999,720.283
1.46316,0.357895,19.444444444444443,0.763309,724.821
1.46316,0.397368,19.444444444444443,0.791562,729.427
1.46316,0.436842,19.444444444444443,0.815684,734.096
1.46316,0.476316,19.444444444444443,0.8364,738.825
1.46316,0.515789,19.444444444444443,0.854281,743.607
1.46316,0.555263,19.444444444444443,0.869784,748.438
1.46316,0.594737,19.444444444444443,0.883276,753.314
1.46316,0.634211,19.444444444444443,0.895059,758.232
1.46316,0.673684,19.444444444444443,0.90538,763.188
1.46316,0.713158,19.444444444444443,0.914445,768.179
1.46316,0.752632,19.444444444444443,0.922425,773.201
1.46316,0.792105,19.444444444444443,0.929466,778.252
1.46316,0.831579,19.444444444444443,0.935692,783.33
1.46316,0.871053,19.444444444444443,0.941207,788.433
1.46316,0.910526,19.444444444444443,0.946101,793.556
1.46316,0.95,19.444444444444443,0.950454,798.701
1.68421,0.2,19.444444444444443,0.611718,729.039
1.68421,0.239474,19.444444444444443,0.670671,733.028
1.68421,0.278947,19.444444444444443,0.719002,737.103
1.68421,0.318421,19.444444444444443,0.75904,741.257
1.68421,0.357895,19.444444444444443,0.792497,745.486
1.68421,0.397368,19.444444444444443,0.820655,749.786
1.68421,0.436842,19.444444444444443,0.844491,754.151
1.68421,0.476316,19.444444444444443,0.864765,758.575
1.68421,0.515789,19.444444444444443,0.882073,763.056
1.68421,0.555263,19.444444444444443,0.896889,767.587
1.68421,0.594737,19.444444444444443,0.909599,772.164
1.68421,0.634211,19.444444444444443,0.920517,776.784
1.68421,0.673684,19.444444444444443,0.929904,781.443
1.68421,0.713158,19.444444444444443,0.937979,786.137
1.68421,0.752632,19.444444444444443,0.944928,790.864
1.68421,0.792105,19.444444444444443,0.950913,795.621
1.68421,0.831579,19.444444444444443,0.956071,800.405
1.68421,0.871053,19.444444444444443,0.960523,805.214
1.68421,0.910526,19.444444444444443,0.964371,810.045
1.68421,0.95,19.444444444444443,0.967705,814.898
1.90526,0.2,19.444444444444443,0.637939,748.739
1.90526,0.239474,19.444444444444443,0.698293,752.445
1.90526,0.278947,19.444444444444443,0.747456,756.238
1.90526,0.318421,19.444444444444443,0.787901,760.113
1.90526,0.357895,19.444444444444443,0.82143,764.065
1.90526,0.397368,19.444444444444443,0.849387,768.089
1.90526,0.436842,19.444444444444443,0.872788,772.18
1.90526,0.476316,19.444444444444443,0.892416,776.334
1.90526,0.515789,19.444444444444443,0.908886,780.543
1.90526,0.555263,19.444444444444443,0.92269,784.8
1.90526,0.594737,19.444444444444443,0.934231,789.114
1.90526,0.634211,19.444444444444443,0.943849,793.467
1.90526,0.673684,19.444444444444443,0.951839,797.86
1.90526,0.713158,19.444444444444443,0.958458,802.29
1.90526,0.752632,19.444444444444443,0.963935,806.753
1.90526,0.792105,19.444444444444443,0.968468,811.247
1.90526,0.831579,19.444444444444443,0.972228,815.768
1.90526,0.871053,19.444444444444443,0.975359,820.314
1.90526,0.910526,19.444444444444443,0.977981,824.883
1.90526,0.95,19.444444444444443,0.980188,829.474
2.12632,0.2,19.444444444444443,0.664081,766.54
2.12632,0.239474,19.444444444444443,0.725799,769.989
2.12632,0.278947,19.444444444444443,0.775741,773.528
2.12632,0.318421,19.444444444444443,0.816505,777.15
2.12632,0.357895,19.444444444444443,0.849971,780.851
2.12632,0.397368,19.444444444444443,0.87752,784.626
2.12632,0.436842,19.444444444444443,0.900186,788.47
2.12632,0.476316,19.444444444444443,0.918757,792.377
2.12632,0.515789,19.444444444444443,0.93386,796.343
2.12632,0.555263,19.444444444444443,0.946021,800.362
2.12632,0.594737,19.444444444444443,0.955706,804.431
2.12632,0.634211,19.444444444444443,0.963349,808.545
2.12632,0.673684,19.444444444444443,0.969348,812.699
2.12632,0.713158,19.444444444444443,0.974054,816.891
2.12632,0.752632,19.444444444444443,0.977762,821.117
2.12632,0.792105,19.444444444444443,0.980707,825.374
2.12632,0.831579,19.444444444444443,0.983072,829.659
2.12632,0.871053,19.444444444444443,0.984994,833.968
2.12632,0.910526,19.444444444444443,0.986573,838.302
2.12632,0.95,19.444444444444443,0.987888,842.657
2.34737,0.2,19.444444444444443,0.690134,782.71
2.34737,0.239474,19.444444444444443,0.753164,785.925
2.34737,0.278947,19.444444444444443,0.803797,789.232
2.34737,0.318421,19.444444444444443,0.844732,792.624
2.34737,0.357895,19.444444444444443,0.877885,796.098
2.34737,0.397368,19.444444444444443,0.90463,799.648
2.34737,0.436842,19.444444444444443,0.925973,803.268
2.34737,0.476316,19.444444444444443,0.942698,806.954
2.34737,0.515789,19.444444444444443,0.955504,810.701
2.34737,0.555263,19.444444444444443,0.96509,814.503
2.34737,0.594737,19.444444444444443,0.972158,818.355
2.34737,0.634211,19.444444444444443,0.977353,822.254
2.34737,0.673684,19.444444444444443,0.981202,826.194
2.34737,0.713158,19.444444444444443,0.984098,830.171
2.34737,0.752632,19.444444444444443,0.986319,834.182
2.34737,0.792105,19.444444444444443,0.988057,838.224
2.34737,0.831579,19.444444444444443,0.989442,842.293
2.34737,0.871053,19.444444444444443,0.990566,846.387
2.34737,0.910526,19.444444444444443,0.991492,850.506
2.34737,0.95,19.444444444444443,0.992266,854.645
2.56842,0.2,19.444444444444443,0.716079,797.46
2.56842,0.239474,19.444444444444443,0.780347,800.46
2.56842,0.278947,19.444444444444443,0.831531,803.556
2.56842,0.318421,19.444444444444443,0.872377,806.739
2.56842,0.357895,19.444444444444443,0.904755,810.006
2.56842,0.397368,19.444444444444443,0.929939,813.352
2.56842,0.436842,19.444444444444443,0.948878,816.771
2.56842,0.476316,19.444444444444443,0.962514,820.258
2.56842,0.515789,19.444444444444443,0.971963,823.808
2.56842,0.555263,19.444444444444443,0.978401,827.414
2.56842,0.594737,19.444444444444443,0.982824,831.071
2.56842,0.634211,19.444444444444443,0.985938,834.773
2.56842,0.673684,19.444444444444443,0.988198,838.517
2.56842,0.713158,19.444444444444443,0.98989,842.297
2.56842,0.752632,19.444444444444443,0.991192,846.112
2.56842,0.792105,19.444444444444443,0.992219,849.957
2.56842,0.831579,19.444444444444443,0.993047,853.83
2.56842,0.871053,19.444444444444443,0.993726,857.727
2.56842,0.910526,19.444444444444443,0.994293,861.648
2.56842,0.95,19.444444444444443,0.994772,865.591
2.78947,0.2,19.444444444444443,0.741898,810.969
2.78947,0.239474,19.444444444444443,0.807293,813.772
2.78947,0.278947,19.444444444444443,0.858801,816.673
2.78947,0.318421,19.444444444444443,0.899094,819.665
2.78947,0.357895,19.444444444444443,0.929827,822.744
2.78947,0.397368,19.444444444444443,0.952086,825.906
2.78947,0.436842,19.444444444444443,0.967083,829.146
2.78947,0.476316,19.444444444444443,0.976603,832.454
2.78947,0.515789,19.444444444444443,0.982567,835.826
2.78947,0.555263,19.444444444444443,0.986408,839.252
2.78947,0.594737,19.444444444444443,0.988997,842.729
2.78947,0.634211,19.444444444444443,0.990823,846.251
2.78947,0.673684,19.444444444444443,0.992166,849.814
2.78947,0.713158,19.444444444444443,0.993187,853.414
2.78947,0.752632,19.444444444444443,0.993987,857.048
2.78947,0.792105,19.444444444444443,0.994628,860.712
2.78947,0.831579,19.444444444444443,0.995153,864.403
2.78947,0.871053,19.444444444444443,0.995589,868.121
2.78947,0.910526,19.444444444444443,0.995957,871.862
2.78947,0.95,19.444444444444443,0.996272,875.624
3.01053,0.2,19.444444444444443,0.767563,823.385
3.01053,0.239474,19.444444444444443,0.833919,826.007
3.01053,0.278947,19.444444444444443,0.885364,828.73
3.01053,0.318421,19.444444444444443,0.924251,831.548
3.01053,0.357895,19.444444444444443,0.95178,834.459
3.01053,0.397368,19.444444444444443,0.969269,837.457
3.01053,0.436842,19.444444444444443,0.979399,840.534
3.01053,0.476316,19.444444444444443,0.985202,843.679
3.01053,0.515789,19.444444444444443,0.988704,846.885
3.01053,0.555263,19.444444444444443,0.990968,850.145
3.01053,0.594737,19.444444444444443,0.992522,853.456
3.01053,0.634211,19.444444444444443,0.993646,856.811
3.01053,0.673684,19.444444444444443,0.99449,860.208
3.01053,0.713158,19.444444444444443,0.995147,863.641
3.01053,0.752632,19.444444444444443,0.99567,867.109
3.01053,0.792105,19.444444444444443,0.996096,870.608
3.01053,0.831579,19.444444444444443,0.996449,874.131
3.01053,0.871053,19.444444444444443,0.996747,877.682
3.01053,0.910526,19.444444444444443,0.997001,881.257
3.01053,0.95,19.444444444444443,0.99722,884.852
3.23158,0.2,19.444444444444443,0.793036,834.836
3.23158,0.239474,19.444444444444443,0.860094,837.29
3.23158,0.278947,19.444444444444443,0.910798,839.85
3.23158,0.318421,19.444444444444443,0.946729,842.512
3.23158,0.357895,19.444444444444443,0.96886,845.273
3.23158,0.397368,19.444444444444443,0.980613,848.124
3.23158,0.436842,19.444444444444443,0.986708,851.05
3.23158,0.476316,19.444444444444443,0.990125,854.043
3.23158,0.515789,19.444444444444443,0.992231,857.096
3.23158,0.555263,19.444444444444443,0.993634,860.201
3.23158,0.594737,19.444444444444443,0.994627,863.358
3.23158,0.634211,19.444444444444443,0.995363,866.559
3.23158,0.673684,19.444444444444443,0.99593,869.8
3.23158,0.713158,19.444444444444443,0.996378,873.08
3.23158,0.752632,19.444444444444443,0.99674,876.394
3.23158,0.792105,19.444444444444443,0.99704,879.738
3.23158,0.831579,19.444444444444443,0.997292,883.109
3.23158,0.871053,19.444444444444443,0.997505,886.506
3.23158,0.910526,19.444444444444443,0.99769,889.927
3.23158,0.95,19.444444444444443,0.99785,893.369
3.45263,0.2,19.444444444444443,0.818264,845.428
3.45263,0.239474,19.444444444444443,0.885603,847.727
3.45263,0.278947,19.444444444444443,0.934338,850.14
3.45263,0.318421,19.444444444444443,0.964882,852.664
3.45263,0.357895,19.444444444444443,0.980199,855.292
3.45263,0.397368,19.444444444444443,0.987289,858.005
3.45263,0.436842,19.444444444444443,0.99091,860.79
3.45263,0.476316,19.444444444444443,0.993009,863.64
3.45263,0.515789,19.444444444444443,0.994354,866.549
3.45263,0.555263,19.444444444444443,0.995282,869.512
3.45263,0.594737,19.444444444444443,0.995957,872.525
3.45263,0.634211,19.444444444444443,0.996469,875.583
3.45263,0.673684,19.444444444444443,0.99687,878.681
3.45263,0.713158,19.444444444444443,0.997192,881.818
3.45263,0.752632,19.444444444444443,0.997456,884.99
3.45263,0.792105,19.444444444444443,0.997677,888.19
3.45263,0.831579,19.444444444444443,0.997864,891.419
3.45263,0.871053,19.444444444444443,0.998024,894.674
3.45263,0.910526,19.444444444444443,0.998163,897.953
3.45263,0.95,19.444444444444443,0.998285,901.253
3.67368,0.2,19.444444444444443,0.843167,855.254
3.67368,0.239474,19.444444444444443,0.910072,857.411
3.67368,0.278947,19.444444444444443,0.954701,859.693
3.67368,0.318421,19.444444444444443,0.977494,862.097
3.67368,0.357895,19.444444444444443,0.986917,864.601
3.67368,0.397368,19.444444444444443,0.991159,867.183
3.67368,0.436842,19.444444444444443,0.99342,869.835
3.67368,0.476316,19.444444444444443,0.994794,872.551
3.67368,0.515789,19.444444444444443,0.995709,875.326
3.67368,0.555263,19.444444444444443,0.996358,878.162
3.67368,0.594737,19.444444444444443,0.996842,881.043
3.67368,0.634211,19.444444444444443,0.997216,883.968
3.67368,0.673684,19.444444444444443,0.997513,886.935
3.67368,0.713158,19.444444444444443,0.997755,889.939
3.67368,0.752632,19.444444444444443,0.997956,892.978
3.67368,0.792105,19.444444444444443,0.998125,896.046
3.67368,0.831579,19.444444444444443,0.998269,899.143
3.67368,0.871053,19.444444444444443,0.998393,902.266
3.67368,0.910526,19.444444444444443,0.998502,905.413
3.67368,0.95,19.444444444444443,0.998597,908.58
3.89474,0.2,19.444444444444443,0.86762,864.403
3.89474,0.239474,19.444444444444443,0.932837,866.433
3.89474,0.278947,19.444444444444443,0.970324,868.603
3.89474,0.318421,19.444444444444443,0.985179,870.896
3.89474,0.357895,19.444444444444443,0.990836,873.279
3.89474,0.397368,19.444444444444443,0.993505,875.737
3.89474,0.436842,19.444444444444443,0.995009,878.259
3.89474,0.476316,19.444444444444443,0.995963,880.856
3.89474,0.515789,19.444444444444443,0.996619,883.507
3.89474,0.555263,19.444444444444443,0.997096,886.213
3.89474,0.594737,19.444444444444443,0.997458,888.969
3.89474,0.634211,19.444444444444443,0.997743,891.771
3.89474,0.673684,19.444444444444443,0.997971,894.614
3.89474,0.713158,19.444444444444443,0.998159,897.495
3.89474,0.752632,19.444444444444443,0.998317,900.41
3.89474,0.792105,19.444444444444443,0.99845,903.354
3.89474,0.831579,19.444444444444443,0.998565,906.33
3.89474,0.871053,19.444444444444443,0.998664,909.328
3.89474,0.910526,19.444444444444443,0.998751,912.352
3.89474,0.95,19.444444444444443,0.998828,915.397
4.11579,0.2,19.444444444444443,0.891419,872.932
4.11579,0.239474,19.444444444444443,0.952778,874.848
4.11579,0.278947,19.444444444444443,0.980645,876.922
4.11579,0.318421,19.444444444444443,0.989681,879.109
4.11579,0.357895,19.444444444444443,0.993224,881.376
4.11579,0.397368,19.444444444444443,0.99501,883.717
4.11579,0.436842,19.444444444444443,0.99607,886.127
4.11579,0.476316,19.444444444444443,0.996766,888.601
4.11579,0.515789,19.444444444444443,0.997257,891.136
4.11579,0.555263,19.444444444444443,0.997622,893.726
4.11579,0.594737,19.444444444444443,0.997903,896.366
4.11579,0.634211,19.444444444444443,0.998127,899.052
4.11579,0.673684,19.444444444444443,0.998308,901.78
4.11579,0.713158,19.444444444444443,0.998459,904.546
4.11579,0.752632,19.444444444444443,0.998585,907.346
4.11579,0.792105,19.444444444444443,0.998694,910.175
4.11579,0.831579,19.444444444444443,0.998787,913.034
4.11579,0.871053,19.444444444444443,0.998868,915.919
4.11579,0.910526,19.444444444444443,0.99894,918.828
4.11579,0.95,19.444444444444443,0.999004,921.758
4.33684,0.2,19.444444444444443,0.914212,880.906
4.33684,0.239474,19.444444444444443,0.968456,882.728
4.33684,0.278947,19.444444444444443,0.986838,884.713
4.33684,0.318421,19.444444444444443,0.992407,886.795
4.33684,0.357895,19.444444444444443,0.994764,888.952
4.33684,0.397368,19.444444444444443,0.996029,891.182
4.33684,0.436842,19.444444444444443,0.996811,893.482
4.33684,0.476316,19.444444444444443,0.997341,895.847
4.33684,0.515789,19.444444444444443,0.997722,898.273
4.33684,0.555263,19.444444444444443,0.99801,900.754
4.33684,0.594737,19.444444444444443,0.998235,903.286
4.33684,0.634211,19.444444444444443,0.998415,905.864
4.33684,0.673684,19.444444444444443,0.998563,908.483
4.33684,0.713158,19.444444444444443,0.998686,911.141
4.33684,0.752632,19.444444444444443,0.998791,913.833
4.33684,0.792105,19.444444444444443,0.99888,916.555
4.33684,0.831579,19.444444444444443,0.998958,919.307
4.33684,0.871053,19.444444444444443,0.999026,922.084
4.33684,0.910526,19.444444444444443,0.999086,924.885
4.33684,0.95,19.444444444444443,0.99914,927.708
4.55789,0.2,19.444444444444443,0.93539,888.38
4.55789,0.239474,19.444444444444443,0.979145,890.126
4.55789,0.278947,19.444444444444443,0.990533,892.023
4.55789,0.318421,19.444444444444443,0.994152,894.001
4.55789,0.357895,19.444444444444443,0.995812,896.054
4.55789,0.397368,19.444444444444443,0.99675,898.18
4.55789,0.436842,19.444444444444443,0.99735,900.377
4.55789,0.476316,19.444444444444443,0.997766,902.639
4.55789,0.515789,19.444444444444443,0.998071,904.963
4.55789,0.555263,19.444444444444443,0.998304,907.342
4.55789,0.594737,19.444444444444443,0.998488,909.772
4.55789,0.634211,19.444444444444443,0.998637,912.249
4.55789,0.673684,19.444444444444443,0.99876,914.767
4.55789,0.713158,19.444444444444443,0.998863,917.324
4.55789,0.752632,19.444444444444443,0.998951,919.913
4.55789,0.792105,19.444444444444443,0.999027,922.536
4.55789,0.831579,19.444444444444443,0.999092,925.187
4.55789,0.871053,19.444444444444443,0.99915,927.863
4.55789,0.910526,19.444444444444443,0.999201,930.563
4.55789,0.95,19.444444444444443,0.999247,933.285
4.77895,0.2,19.444444444444443,0.953947,895.405
4.77895,0.239474,19.444444444444443,0.985714,897.086
4.77895,0.278947,19.444444444444443,0.992838,898.891
4.77895,0.318421,19.444444444444443,0.995331,900.771
4.77895,0.357895,19.444444444444443,0.996557,902.726
4.77895,0.397368,19.444444444444443,0.997279,904.754
4.77895,0.436842,19.444444444444443,0.997754,906.854
4.77895,0.476316,19.444444444444443,0.99809,909.02
4.77895,0.515789,19.444444444444443,0.99834,911.247
4.77895,0.555263,19.444444444444443,0.998533,913.531
4.77895,0.594737,19.444444444444443,0.998686,915.865
4.77895,0.634211,19.444444444444443,0.998812,918.247
4.77895,0.673684,19.444444444444443,0.998916,920.67
4.77895,0.713158,19.444444444444443,0.999003,923.132
4.77895,0.752632,19.444444444444443,0.999078,925.626
4.77895,0.792105,19.444444444444443,0.999143,928.154
4.77895,0.831579,19.444444444444443,0.9992,930.71
4.77895,0.871053,19.444444444444443,0.99925,933.291
4.77895,0.910526,19.444444444444443,0.999294,935.897
4.77895,0.95,19.444444444444443,0.999334,938.525
5.0,0.2,19.444444444444443,0.968628,902.026
5.0,0.239474,19.444444444444443,0.989679,903.642
5.0,0.278947,19.444444444444443,0.994358,905.357
5.0,0.318421,19.444444444444443,0.996165,907.143
5.0,0.357895,19.444444444444443,0.997105,909.005
5.0,0.397368,19.444444444444443,0.997679,910.942
5.0,0.436842,19.444444444444443,0.998065,912.949
5.0,0.476316,19.444444444444443,0.998342,915.025
5.0,0.515789,19.444444444444443,0.998551,917.162
5.0,0.555263,19.444444444444443,0.998714,919.356
5.0,0.594737,19.444444444444443,0.998844,921.6
5.0,0.634211,19.444444444444443,0.998951,923.891
5.0,0.673684,19.444444444444443,0.999041,926.225
5.0,0.713158,19.444444444444443,0.999116,928.598
5.0,0.752632,19.444444444444443,0.999181,931.003
5.0,0.792105,19.444444444444443,0.999238,933.441
5.0,0.831579,19.444444444444443,0.999287,935.908
5.0,0.871053,19.444444444444443,0.999331,938.401
5.0,0.910526,19.444444444444443,0.99937,940.917
5.0,0.95,19.444444444444443,0.999404,943.456
